{
  "Profiles": [
    {
      "Name": "personal-dev",
      "Guid": "0AD77688-8CDC-4AC5-89D6-9B271405EFC6",
      "Ansi 0 Color" : {
        "Red Component" : 0.027450980392156862,
        "Color Space" : "sRGB",
        "Blue Component" : 0.25882352941176473,
        "Green Component" : 0.21176470588235294
      },
      "Ansi 1 Color" : {
        "Red Component" : 0.86274509803921573,
        "Color Space" : "sRGB",
        "Blue Component" : 0.18431372549019609,
        "Green Component" : 0.19607843137254902
      },
      "Ansi 2 Color" : {
        "Red Component" : 0.52156862745098043,
        "Color Space" : "sRGB",
        "Blue Component" : 0,
        "Green Component" : 0.59999999999999998
      },
      "Ansi 3 Color" : {
        "Red Component" : 0.70980392156862748,
        "Color Space" : "sRGB",
        "Blue Component" : 0,
        "Green Component" : 0.53725490196078429
      },
      "Ansi 4 Color" : {
        "Red Component" : 0.14901960784313725,
        "Color Space" : "sRGB",
        "Blue Component" : 0.82352941176470584,
        "Green Component" : 0.54509803921568623
      },
      "Ansi 5 Color" : {
        "Red Component" : 0.82745098039215681,
        "Color Space" : "sRGB",
        "Blue Component" : 0.50980392156862742,
        "Green Component" : 0.21176470588235294
      },
      "Ansi 6 Color" : {
        "Red Component" : 0.16470588235294117,
        "Color Space" : "sRGB",
        "Blue Component" : 0.59607843137254901,
        "Green Component" : 0.63137254901960782
      },
      "Ansi 7 Color" : {
        "Red Component" : 0.93333333333333335,
        "Color Space" : "sRGB",
        "Blue Component" : 0.83529411764705885,
        "Green Component" : 0.90980392156862744
      },
      "Ansi 8 Color" : {
        "Red Component" : 0,
        "Color Space" : "sRGB",
        "Blue Component" : 0.21176470588235294,
        "Green Component" : 0.16862745098039217
      },
      "Ansi 9 Color" : {
        "Red Component" : 0.79607843137254897,
        "Color Space" : "sRGB",
        "Blue Component" : 0.086274509803921567,
        "Green Component" : 0.29411764705882354
      },
      "Ansi 10 Color" : {
        "Red Component" : 0.34509803921568627,
        "Color Space" : "sRGB",
        "Blue Component" : 0.45882352941176469,
        "Green Component" : 0.43137254901960786
      },
      "Ansi 11 Color" : {
        "Red Component" : 0.396078431372549,
        "Color Space" : "sRGB",
        "Blue Component" : 0.51372549019607838,
        "Green Component" : 0.4823529411764706
      },
      "Ansi 12 Color" : {
        "Red Component" : 0.51372549019607838,
        "Color Space" : "sRGB",
        "Blue Component" : 0.58823529411764708,
        "Green Component" : 0.58039215686274515
      },
      "Ansi 13 Color" : {
        "Red Component" : 0.42352941176470588,
        "Color Space" : "sRGB",
        "Blue Component" : 0.7686274509803922,
        "Green Component" : 0.44313725490196076
      },
      "Ansi 14 Color" : {
        "Red Component" : 0.57647058823529407,
        "Color Space" : "sRGB",
        "Blue Component" : 0.63137254901960782,
        "Green Component" : 0.63137254901960782
      },
      "Ansi 15 Color" : {
        "Red Component" : 0.99215686274509807,
        "Color Space" : "sRGB",
        "Blue Component" : 0.8901960784313725,
        "Green Component" : 0.96470588235294119
      },
      "Background Color" : {
        "Red Component" : 0,
        "Color Space" : "sRGB",
        "Blue Component" : 0.21176470588235294,
        "Green Component" : 0.16862745098039217
      },
      "Bold Color" : {
        "Red Component" : 0.57647058823529407,
        "Color Space" : "sRGB",
        "Blue Component" : 0.63137254901960782,
        "Green Component" : 0.63137254901960782
      },
      "Cursor Color" : {
        "Red Component" : 0.51372549019607838,
        "Color Space" : "sRGB",
        "Blue Component" : 0.58823529411764708,
        "Green Component" : 0.58039215686274515
      },
      "Cursor Text Color" : {
        "Red Component" : 0.027450980392156862,
        "Color Space" : "sRGB",
        "Blue Component" : 0.25882352941176473,
        "Green Component" : 0.21176470588235294
      },
      "Foreground Color" : {
        "Red Component" : 0.51372549019607838,
        "Color Space" : "sRGB",
        "Blue Component" : 0.58823529411764708,
        "Green Component" : 0.58039215686274515
      },
      "Non Ascii Font" : "GoMonoForPowerline 12",
      "Selected Text Color" : {
        "Red Component" : 0.10926941409707069,
        "Color Space" : "sRGB",
        "Blue Component" : 0.11651611328125,
        "Alpha Component" : 1,
        "Green Component" : 0.11651611328125
      },
      "Selection Color" : {
        "Red Component" : 0.11072801100090146,
        "Color Space" : "sRGB",
        "Blue Component" : 0.584320068359375,
        "Alpha Component" : 1,
        "Green Component" : 0.4879962412138738
      },
      "Use Non-ASCII Font" : true
    }
  ]
}